-- phpMyAdmin SQL Dump
-- version 5.2.1
-- https://www.phpmyadmin.net/
--
-- Host: sql.freedb.tech
-- Waktu pembuatan: 02 Feb 2025 pada 03.38
-- Versi server: 8.0.41-0ubuntu0.22.04.1
-- Versi PHP: 8.4.1

SET SQL_MODE = "NO_AUTO_VALUE_ON_ZERO";
START TRANSACTION;
SET time_zone = "+00:00";


/*!40101 SET @OLD_CHARACTER_SET_CLIENT=@@CHARACTER_SET_CLIENT */;
/*!40101 SET @OLD_CHARACTER_SET_RESULTS=@@CHARACTER_SET_RESULTS */;
/*!40101 SET @OLD_COLLATION_CONNECTION=@@COLLATION_CONNECTION */;
/*!40101 SET NAMES utf8mb4 */;

--
-- Database: `freedb_swating`
--

-- --------------------------------------------------------

--
-- Struktur dari tabel `barang`
--

CREATE TABLE `barang` (
  `id` int NOT NULL,
  `namaBarang` varchar(255) NOT NULL,
  `kategoriBarang` varchar(30) NOT NULL,
  `kodeProduk` varchar(50) NOT NULL,
  `hargaAwal` int DEFAULT NULL,
  `hargaJual` int NOT NULL,
  `stock` int DEFAULT NULL,
  `penitipId` int DEFAULT NULL,
  `created_at` date NOT NULL,
  `updated_at` date NOT NULL
) ENGINE=InnoDB DEFAULT CHARSET=utf8mb4 COLLATE=utf8mb4_0900_ai_ci;

--
-- Dumping data untuk tabel `barang`
--

INSERT INTO `barang` (`id`, `namaBarang`, `kategoriBarang`, `kodeProduk`, `hargaAwal`, `hargaJual`, `stock`, `penitipId`, `created_at`, `updated_at`) VALUES
(1, 'Topi Hitam', 'Aksesoris', 'TH-5014-IPN', 13000, 20000, 18, 1, '2025-01-03', '2025-01-09'),
(2, 'Masker Ninja', 'Aksesoris', 'MN-4461-IPN', 8000, 15000, 11, 1, '2025-01-03', '2025-01-03'),
(3, 'Manset', 'Aksesoris', 'M-6915-IPN', 8000, 15000, 12, 1, '2025-01-03', '2025-01-03'),
(4, 'Kaos Kaki Cewe Import', 'Aksesoris', 'KKCI-9306-IPN', 9000, 15000, 10, 1, '2025-01-03', '2025-01-03'),
(5, 'Topi Dieng Dewasa', 'Aksesoris', 'TDD-2567-IPN', 17000, 25000, 8, 1, '2025-01-03', '2025-01-17'),
(6, 'Topi Dieng Anak', 'Aksesoris', 'TDA-9022-IPN', 16000, 25000, 8, 1, '2025-01-03', '2025-01-03'),
(7, 'Mantol Atasan', 'Aksesoris', 'MA-9669-IPN', 7000, 10000, 7, 1, '2025-01-03', '2025-01-08'),
(8, 'Mantol Stelan', 'Aksesoris', 'MS-7717-IPN', 9000, 15000, 0, 1, '2025-01-03', '2025-01-12'),
(9, 'Klotak Sedang', 'Oleh-oleh', 'KS-7307-ANT', 10000, 13000, 21, 2, '2025-01-03', '2025-01-08'),
(10, 'Klotak Kecil', 'Oleh-oleh', 'KK-4862-NUR', 7000, 10000, 6, 3, '2025-01-03', '2025-01-08'),
(11, 'Klotak Besar', 'Oleh-oleh', 'KB-2715-NUR', 12000, 15000, 3, 3, '2025-01-03', '2025-01-08'),
(12, 'Klotak Atos', 'Oleh-oleh', 'KA-4125-NUR', 6500, 10000, 7, 3, '2025-01-03', '2025-01-08'),
(13, 'Kopi Tentrem', 'Oleh-oleh', 'KT-7563-AAN', 25000, 30000, 14, 4, '2025-01-03', '2025-01-15'),
(17, 'Syal', 'Aksesoris', 'S-7890-IPN', 17000, 25000, 10, 1, '2025-01-03', '2025-01-03'),
(18, 'Lemon Water', 'Minuman', 'LW-8655-SWT', 6750, 8000, 21, 6, '2025-01-03', '2025-01-16'),
(19, 'You C Lemon', 'Minuman', 'YCL-3641-SWT', 5700, 7000, 28, 6, '2025-01-03', '2025-01-07'),
(20, 'Pocari Besar', 'Minuman', 'PB-2310-SWT', 6250, 8000, 8, 6, '2025-01-03', '2025-01-12'),
(21, 'Pocari Kecil', 'Minuman', 'PK-6837-SWT', 5250, 6000, 9, 6, '2025-01-03', '2025-01-10'),
(22, 'Krating Daeng', 'Minuman', 'KD-9831-SWT', 5100, 7000, 8, 6, '2025-01-03', '2025-01-07'),
(23, 'Mizone', 'Minuman', 'M-9235-SWT', 3986, 5000, 7, 6, '2025-01-03', '2025-01-06'),
(24, 'Coca-cola', 'Minuman', 'C-6603-SWT', 2750, 4000, 12, 6, '2025-01-03', '2025-01-03'),
(25, 'Sprite Kecil ', 'Minuman', 'SK-5705-SWT', 2725, 4000, 11, 6, '2025-01-03', '2025-01-03'),
(26, 'Sprite Besar ', 'Minuman', 'SB-3567-SWT', 4000, 5000, 10, 6, '2025-01-03', '2025-01-06'),
(27, 'Coca-cola Besar ', 'Minuman', 'CB-5767-SWT', 4000, 5000, 12, 6, '2025-01-03', '2025-01-03'),
(28, 'Fanta ', 'Minuman', 'F-9773-SWT', 3917, 5000, 12, 6, '2025-01-03', '2025-01-03'),
(29, 'Abc Kopi Susu', 'Minuman', 'AKS-9113-SWT', 3021, 4000, 21, 6, '2025-01-03', '2025-01-12'),
(30, 'Floridina', 'Minuman', 'F-4000-SWT', 3300, 5000, 11, 6, '2025-01-03', '2025-01-13'),
(31, 'Minute Maid Pulpy', 'Minuman', 'MMP-8570-SWT', 5500, 6000, 7, 6, '2025-01-03', '2025-01-16'),
(32, 'Aqua Sedang', 'Minuman', 'AS-7453-SWT', 1980, 4000, 21, 6, '2025-01-03', '2025-01-17'),
(33, 'Ades Sedang', 'Minuman', 'AS-4071-SWT', 2550, 4000, 21, 6, '2025-01-03', '2025-01-17'),
(34, 'Le Minerale Sedang', 'Minuman', 'LMS-1251-SWT', 2083, 4000, 8, 6, '2025-01-03', '2025-01-06'),
(35, 'Le Minerale Besar', 'Minuman', 'LMB-1144-SWT', 4583, 6000, 9, 6, '2025-01-03', '2025-01-17'),
(36, 'Milku', 'Minuman', 'M-5768-SWT', 3000, 4000, 7, 6, '2025-01-03', '2025-01-07'),
(37, 'Teh Kotak', 'Minuman', 'TK-3478-SWT', 3187, 5000, 20, 6, '2025-01-03', '2025-01-17'),
(38, 'Fruit Tea', 'Minuman', 'FT-2981-SWT', 1833, 5000, 24, 6, '2025-01-03', '2025-01-03'),
(39, 'Teh Pucuk', 'Minuman', 'TP-5724-SWT', 2583, 4000, 5, 6, '2025-01-03', '2025-01-07'),
(40, 'Nu Green Tea Besar', 'Minuman', 'NGTB-3007', 5150, 7000, 9, NULL, '2025-01-03', '2025-01-03'),
(41, 'Nu Green Tea Kecil ', 'Minuman', 'NGTK-5083-SWT', 4500, 5000, 5, 6, '2025-01-03', '2025-01-10'),
(42, 'Teh Botol ', 'Minuman', 'TB-3443-SWT', 3667, 5000, 11, 6, '2025-01-03', '2025-01-03'),
(43, 'Tebs', 'Minuman', 'T-8757-SWT', 6300, 8000, 3, 6, '2025-01-03', '2025-01-03'),
(44, 'Lasegar', 'Minuman', 'L-7396-SWT', 6000, 7000, 5, 6, '2025-01-03', '2025-01-03'),
(45, 'Larutan Cap Kaki Tiga ', 'Minuman', 'LCKT-6541-SWT', 5500, 7000, 4, 6, '2025-01-03', '2025-01-03'),
(46, 'Makaroni Rujak ', 'Oleh-oleh', 'MR-9977-SWT', 6500, 8000, 0, 6, '2025-01-03', '2025-01-08'),
(47, 'Potato ', 'Oleh-oleh', 'P-7584-SWT', 8000, 10000, 0, 6, '2025-01-03', '2025-01-08'),
(48, 'Lanting', 'Oleh-oleh', 'L-2061-SWT', 10000, 12000, 0, 6, '2025-01-03', '2025-01-08'),
(49, 'Telur Ikan Pedas ', 'Oleh-oleh', 'TIP-1195-SWT', 9500, 12000, 1, 6, '2025-01-03', '2025-01-08'),
(50, 'Kacang Garing Dua Kelinci ', 'Oleh-oleh', 'KGDK-4402-SWT', 10500, 12000, 5, 6, '2025-01-03', '2025-01-03'),
(52, 'Monde Snack Gold', 'Oleh-oleh', 'MSG-5588-SWT', 4000, 6000, 1, 6, '2025-01-03', '2025-01-07'),
(53, 'Monde Snack Spicy Tomato ', 'Oleh-oleh', 'MSST-7033-SWT', 4750, 6000, 1, 6, '2025-01-03', '2025-01-07'),
(54, 'Roma Kelapa Cream Cokelat ', 'Oleh-oleh', 'RKCC-1717-SWT', 9250, 11000, 3, 6, '2025-01-03', '2025-01-08'),
(55, 'Roma Malkist', 'Oleh-oleh', 'RM-4417-SWT', 6500, 8000, 1, 6, '2025-01-03', '2025-01-17'),
(56, 'Roma Sari Gandum ', 'Oleh-oleh', 'RSG-6921-SWT', 4833, 9000, 9, 6, '2025-01-03', '2025-01-03'),
(57, 'Crispy Crackers ', 'Oleh-oleh', 'CC-9376-SWT', 9750, 11000, 3, 6, '2025-01-03', '2025-01-08'),
(58, 'Vegetable Crackers ', 'Oleh-oleh', 'VC-9107-SWT', 8500, 10000, 3, 6, '2025-01-03', '2025-01-08'),
(59, 'Malkist Seaweed ', 'Oleh-oleh', 'MS-1526-SWT', 7000, 8000, 3, 6, '2025-01-03', '2025-01-08'),
(60, 'Sandal Swallow ', 'Aksesoris', 'SS-5789-IPN', 11000, 15000, 3, 1, '2025-01-04', '2025-01-04'),
(61, 'Kaos Kaki Tebal ', 'Aksesoris', 'KKT-1278-IPN', 8000, 15000, 7, 1, '2025-01-04', '2025-01-17'),
(62, 'Kaos Kaki Kantor ', 'Aksesoris', 'KKK-8978-IPN', 7000, 10000, 8, 1, '2025-01-04', '2025-01-04'),
(63, 'Kaos Kaki Muslim', 'Aksesoris', 'KKM-8060-IPN', 8500, 15000, 9, 1, '2025-01-04', '2025-01-08'),
(64, 'Kaos Kaki Muslim Batik', 'Aksesoris', 'KKMB-4029-IPN', 9000, 15000, 12, 1, '2025-01-04', '2025-01-04'),
(65, 'Kaos Kaki Anak', 'Aksesoris', 'KKA-8422-IPN', 6000, 10000, 7, 1, '2025-01-04', '2025-01-11'),
(66, 'Baf', 'Aksesoris', 'B-8574-IPN', 10000, 15000, 23, 1, '2025-01-04', '2025-01-04'),
(67, 'Kaos Kaki Jari Warna', 'Aksesoris', 'KKJW-8454-IPN', 6000, 10000, 11, 1, '2025-01-04', '2025-01-04'),
(68, 'Sarung Tangan Bulu', 'Aksesoris', 'STB-3449-IPN', 8000, 15000, 9, 1, '2025-01-04', '2025-01-04'),
(69, 'Sarung Tangan Dieng ', 'Aksesoris', 'STD-7242-IPN', 9000, 20000, 8, 1, '2025-01-04', '2025-01-07'),
(70, 'Sarung Tangan Hitam', 'Aksesoris', 'STH-9486-IPN', 7000, 10000, 6, 1, '2025-01-04', '2025-01-06'),
(71, 'Nutriboost Jeruk', 'Minuman', 'NJ-6548-SWT', 5650, 7000, 10, 6, '2025-01-04', '2025-01-12'),
(72, 'Nutriboost Strawberry', 'Minuman', 'NS-4123-SWT', 5650, 7000, 9, 6, '2025-01-04', '2025-01-07'),
(73, 'Dunhill Hitam ', 'Rokok', 'DH-7255-SWT', 28700, 30000, 3, 6, '2025-01-04', '2025-01-17'),
(74, 'Dunhill Mild', 'Rokok', 'DM-1229-SWT', 28700, 30000, 3, 6, '2025-01-04', '2025-01-04'),
(75, 'Malboro Red', 'Rokok', 'MR-8544-SWT', 46000, 47000, 3, 6, '2025-01-04', '2025-01-09'),
(76, 'Djarum Super 16', 'Rokok ', 'DS1-4732-SWT', 30799, 32000, 2, 6, '2025-01-04', '2025-01-17'),
(77, 'Djarum Super 12', 'Rokok', 'DS1-6386-SWT', 22900, 24000, 1, 6, '2025-01-04', '2025-01-15'),
(78, 'Gudang Garam Surya 16', 'Rokok', 'GGS1-4918-SWT', 33251, 35000, 5, 6, '2025-01-04', '2025-01-17'),
(79, 'Sampoerna Prima', 'Rokok ', 'SP-8832-SWT', 14600, 16000, 8, 6, '2025-01-04', '2025-01-14'),
(80, 'Magnum Kretek', 'Rokok ', 'MK-2383-SWT', 16400, 18000, 4, 6, '2025-01-04', '2025-01-04'),
(81, 'Djarum 76 16', 'Rokok ', 'D71-8301-SWT', 19901, 21000, 9, 6, '2025-01-04', '2025-01-14'),
(83, 'Gudang Garam Surya 12', 'Rokok', 'GGS1-3675-SWT', 24000, 26000, 6, 6, '2025-01-04', '2025-01-17'),
(84, 'Djarum 76 12', 'Rokok', 'D71-8229-SWT', 14600, 16000, 5, 6, '2025-01-04', '2025-01-17'),
(85, 'La Bold', 'Rokok', 'LB-6093-SWT', 36151, 38000, 3, 6, '2025-01-04', '2025-01-04'),
(86, 'La Light ', 'Rokok ', 'LL-6407-SWT', 31700, 33000, 6, 6, '2025-01-04', '2025-01-06'),
(87, 'Sampoerna A Mild', 'Rokok', 'SAM-5278-SWT', 32801, 34000, 4, 6, '2025-01-04', '2025-01-17'),
(88, 'Djarum Black Cappuccino ', 'Rokok', 'DBC-6345-SWT', 31698, 33000, 2, 6, '2025-01-04', '2025-01-17'),
(89, 'Djarum Black ', 'Rokok ', 'DB-3843-SWT', 31698, 33000, 4, 6, '2025-01-04', '2025-01-14'),
(90, 'Dji Sam Soe Refill ', 'Rokok', 'DSSR-2526-SWT', 20300, 22000, 4, 6, '2025-01-04', '2025-01-15'),
(91, 'Dji Sam Soe Kretek 16', 'Rokok', 'DSSK1-8097-SWT', 25399, 27000, 0, 6, '2025-01-04', '2025-01-12'),
(92, 'Gudang Garam Merah 16', 'Rokok ', 'GGM1-4155-SWT', 17550, 19000, 10, 6, '2025-01-04', '2025-01-14'),
(93, 'Gudang Garam Merah 12', 'Rokok', 'GGM1-8324-SWT', 14500, 16000, 5, 6, '2025-01-04', '2025-01-04'),
(94, 'Gudang Garam Merah 10', 'Rokok', 'GGM1-7262-SWT', 12850, 14000, 3, 6, '2025-01-04', '2025-01-04'),
(95, 'Sampoerna 10+2', 'Rokok', 'S1-5978-SWT', 0, 16000, 4, 6, '2025-01-04', '2025-01-11'),
(96, 'Djarum Coklat Extra ', 'Rokok', 'DCE-5375-SWT', 14500, 16000, 6, 6, '2025-01-04', '2025-01-04'),
(97, 'Djarum Coklat Extra Mocca', 'Rokok ', 'DCEM-5792-SWT', 16000, 17000, 5, 6, '2025-01-04', '2025-01-04'),
(98, 'Gudang Garam Signature ', 'Rokok ', 'GGS-3420-SWT', 23200, 24000, 0, 6, '2025-01-04', '2025-01-12'),
(99, 'Avolution Merah 20', 'Rokok', 'AM2-1530-SWT', 40200, 42000, 5, 6, '2025-01-04', '2025-01-04'),
(100, 'Azimo Kretek 12', 'Rokok', 'AK1-7339-SWT', 7850, 9000, 5, 6, '2025-01-04', '2025-01-04'),
(101, 'Tenor Kretek 12', 'Rokok ', 'TK1-6699-SWT', 8950, 10000, 4, 6, '2025-01-04', '2025-01-11'),
(102, 'Gudang Garam Deluxe 16', 'Rokok', 'GGD1-8983-SWT', 18350, 19000, 0, 6, '2025-01-04', '2025-01-06'),
(103, 'Gudang Garam Deluxe 12', 'Rokok', 'GGD1-3857-SWT', 14650, 16000, 8, 6, '2025-01-04', '2025-01-14'),
(104, 'Tembakau Garangan ', 'Tembakau', 'TG-8114-FZI', 180000, 200000, 6, 5, '2025-01-04', '2025-01-04'),
(105, 'Tembakau Garangan ', 'Tembakau', 'TG-2990-FZI', 225000, 250000, 5, 5, '2025-01-04', '2025-01-04'),
(106, 'Tembakau Garangan', 'Tembakau', 'TG-5128-FZI', 270000, 300000, 4, 5, '2025-01-04', '2025-01-04'),
(107, 'Tembakau Garangan ', 'Tembakau', 'TG-4630-FZI', 360000, 400000, 3, 5, '2025-01-04', '2025-01-04'),
(108, 'Tembakau Garangan ', 'Tembakau', 'TG-5211-FZI', 315000, 350000, 2, 5, '2025-01-04', '2025-01-04'),
(109, 'Tembakau Garangan ', 'Tembakau', 'TG-6898-FZI', 450000, 500000, 3, 5, '2025-01-04', '2025-01-04'),
(110, 'Lintingan', 'Tembakau', 'L-8857-API', 8000, 10000, 15, 9, '2025-01-04', '2025-01-11'),
(111, 'Alat Linting', 'Tembakau', 'AL-8765-SWT', 3000, 7000, 40, 6, '2025-01-04', '2025-01-04'),
(112, 'Slorok', 'Tembakau', 'S-5842-SWT', 13000, 22000, 10, 6, '2025-01-04', '2025-01-04'),
(113, 'Violin', 'Tembakau', 'V-3656-SWT', 15400, 20000, 2, 6, '2025-01-04', '2025-01-10'),
(114, 'Lem', 'Tembakau', 'L-1054-SWT', 1167, 2000, 21, 6, '2025-01-04', '2025-01-06'),
(115, 'Virgin Apel', 'Tembakau', 'VA-3364-SWT', 20000, 25000, 5, 6, '2025-01-04', '2025-01-04'),
(116, 'Virgin Coffee ', 'Tembakau', 'VC-3827-SWT', 20000, 25000, 5, 6, '2025-01-04', '2025-01-04'),
(117, 'Virgin Vanilla ', 'Tembakau', 'VV-5354-SWT', 20000, 25000, 5, 6, '2025-01-04', '2025-01-04'),
(118, 'Mars Brand ', 'Tembakau', 'MB-4620-SWT', 15600, 20000, 5, 6, '2025-01-04', '2025-01-04'),
(119, 'Sw', 'Tembakau', 'S-4705-SWT', 13500, 18000, 12, 6, '2025-01-04', '2025-01-04'),
(120, 'Barrack', 'Tembakau', 'B-2566-SWT', 14000, 18000, 8, 6, '2025-01-04', '2025-01-04'),
(121, 'Phinisi', 'Tembakau', 'P-7369-SWT', 0, 8000, 29, 6, '2025-01-04', '2025-01-06'),
(122, 'Kopi Seduh', 'Minuman', 'KS-3688-SWT', 0, 5000, -3, 6, '2025-01-05', '2025-01-16'),
(123, 'Carica', 'Oleh-oleh', 'C-2467-KND', 10000, 15000, 48, 10, '2025-01-05', '2025-01-09'),
(124, 'Tembakau Iris Kecil', 'Tembakau', 'TIK-2597-SWT', NULL, 10000, NULL, 6, '2025-01-05', '2025-01-17'),
(125, 'Pipa Swating', 'Tembakau', 'PS-4573-SWT', NULL, 30000, 18, 6, '2025-01-05', '2025-01-05'),
(126, 'Pipa', 'Tembakau', 'P-2129-MKN', 25000, 30000, 8, 11, '2025-01-05', '2025-01-09'),
(127, 'Susu Jahe Seduh', 'Minuman', 'SJS-6873-SWT', NULL, 5000, NULL, 6, '2025-01-05', '2025-01-05'),
(128, 'Susu Seduh', 'Minuman', 'SS-8486-SWT', NULL, 5000, NULL, 6, '2025-01-05', '2025-01-07'),
(129, 'Energen Seduh', 'Minuman', 'ES-5894-SWT', NULL, 5000, NULL, 6, '2025-01-05', '2025-01-05'),
(130, 'Menyan Kecil', 'Tembakau', 'MK-3007-SWT', NULL, 3500, NULL, 6, '2025-01-05', '2025-01-09'),
(131, 'Menyan Sedang', 'Tembakau', 'MS-1677-SWT', NULL, 5000, NULL, 6, '2025-01-05', '2025-01-16'),
(132, 'Menyan Besar', 'Tembakau', 'MB-2152-SWT', NULL, 10000, NULL, 6, '2025-01-05', '2025-01-17'),
(133, 'Menyan Padat', 'Tembakau', 'MPB-3750-SWT', 0, 10000, 0, 6, '2025-01-05', '2025-01-09'),
(134, 'Cerutu Hijau', 'Tembakau', 'CH-6298-SWT', NULL, 30000, NULL, 6, '2025-01-05', '2025-01-14'),
(135, 'Garet Sinden', 'Tembakau', 'GS-3978-SWT', NULL, 1000, -1, 6, '2025-01-05', '2025-01-16'),
(136, 'Rokok Eceran', 'Rokok', 'RE-5061-SWT', NULL, 2500, 27, 6, '2025-01-05', '2025-01-11'),
(137, 'Korek', 'Rokok', 'K-5860-SWT', NULL, 2000, 26, 6, '2025-01-05', '2025-01-17'),
(138, 'Garet Burung', 'Tembakau', 'GB-6904-SWT', 0, 1000, 85, 6, '2025-01-06', '2025-01-17'),
(139, 'Garet Buffalo', 'Tembakau', 'GB-8426-SWT', 0, 500, 96, 6, '2025-01-06', '2025-01-17'),
(140, 'Selpi', 'Tembakau', 'S-5322-SWT', 0, 30000, 7, 6, '2025-01-06', '2025-01-16'),
(141, 'Mantol Stelan Tebal', 'Aksesoris', 'MST-1107-SWT', 0, 20000, 0, 6, '2025-01-06', '2025-01-11'),
(142, 'Tembakau Iris Besar', 'Tembakau', 'TIB-3556-SWT', NULL, 20000, NULL, 6, '2025-01-06', '2025-01-12'),
(143, 'Lintingan', 'Tembakau', 'L-1341-SDK', 8000, 10000, 0, 12, '2025-01-06', '2025-01-06'),
(144, 'Tembakau Tis Surya Besar', 'Tembakau', 'TTSB-4307-SWT', NULL, 25000, 2, 6, '2025-01-07', '2025-01-09'),
(145, 'Tembakau Tis Ggf Besar', 'Tembakau', 'TTGB-2469-SWT', NULL, 25000, 4, 6, '2025-01-07', '2025-01-07'),
(146, 'Tembakau Tis Refill', 'Tembakau', 'TTR-3821-SWT', NULL, 25000, 4, 6, '2025-01-07', '2025-01-07'),
(147, 'Tembakau Tis Surya Kecil', 'Tembakau', 'TTSK-8466-SWT', NULL, 15000, 12, 6, '2025-01-07', '2025-01-07'),
(148, 'Tembakau Tis Ggf Kecil', 'Tembakau', 'TTGK-2755-SWT', NULL, 15000, 12, 6, '2025-01-07', '2025-01-07'),
(149, 'Tembakau Tis Refill Kecil', 'Tembakau', 'TTRK-5903-SWT', NULL, 15000, 12, 6, '2025-01-07', '2025-01-07'),
(150, 'Mie Lidi', 'Oleh-oleh', 'ML-9234-NUR', 11000, 13000, 4, 3, '2025-01-07', '2025-01-07'),
(151, 'Sambal', 'Oleh-oleh', 'S-5957-MAT', NULL, 14000, NULL, 13, '2025-01-07', '2025-01-07'),
(152, 'Pop Mie Seduh', 'Makanan', 'PMS-2828-SWT', 6000, 10000, NULL, 6, '2025-01-07', '2025-01-13'),
(153, 'Pop Mie Non Seduh', 'Makanan', 'PMNS-3092-SWT', NULL, 6000, NULL, 6, '2025-01-07', '2025-01-07'),
(154, 'Susu Non Seduh', 'Minuman', 'SNS-8028-SWT', NULL, 2000, NULL, 6, '2025-01-07', '2025-01-10'),
(155, 'Energen Non Seduh', 'Minuman', 'ENS-9761-SWT', NULL, 2000, NULL, 6, '2025-01-07', '2025-01-07'),
(156, 'Lembutan', 'Tembakau', 'L-3417-SWT', NULL, 15000, NULL, 6, '2025-01-08', '2025-01-08'),
(157, 'Lembutan', 'Tembakau', 'L-1044-SWT', NULL, 5000, NULL, 6, '2025-01-08', '2025-01-08'),
(158, 'Lembutan', 'Tembakau', 'L-6350-SWT', NULL, 25000, NULL, 6, '2025-01-08', '2025-01-08'),
(159, 'Lembutan', 'Tembakau', 'L-9485-SWT', NULL, 20000, NULL, 6, '2025-01-08', '2025-01-08'),
(160, 'Lembutan', 'Tembakau', 'L-3284-SWT', NULL, 40000, NULL, 6, '2025-01-08', '2025-01-08'),
(161, 'Stik', 'Oleh-oleh', 'S-4237-SWT', NULL, 15000, NULL, 6, '2025-01-08', '2025-01-08'),
(162, 'Keripik Tempe', 'Oleh-oleh', 'KT-2511-SWT', NULL, 20000, NULL, 6, '2025-01-08', '2025-01-08'),
(163, 'Keripik Tempe Popo', 'Oleh-oleh', 'KTP-3093-MAT', NULL, 18000, 4, 13, '2025-01-08', '2025-01-09'),
(164, 'Combro Kentang', 'Oleh-oleh', 'CK-9561-MAT', NULL, 17000, 3, 13, '2025-01-08', '2025-01-09'),
(165, 'Pangsit', 'Oleh-oleh', 'P-7682-SWT', NULL, 15000, NULL, 6, '2025-01-08', '2025-01-08'),
(166, 'Cengkeh Lawet', 'Tembakau', 'CL-7415-SWT', 925, 1000, 3, 6, '2025-01-08', '2025-01-09'),
(167, 'Cengkeh Medan', 'Tembakau', 'CM-5012-SWT', NULL, 6000, 1, 6, '2025-01-08', '2025-01-09'),
(168, 'Cengkeh Medan', 'Tembakau', 'CM-6976-SWT', NULL, 11000, NULL, 6, '2025-01-08', '2025-01-08'),
(169, 'Lintingan', 'Tembakau', 'L-8260-DDI', NULL, 10000, 6, 14, '2025-01-09', '2025-01-09'),
(170, 'Cerutu Box', 'Tembakau', 'CB-4779-SWT', NULL, 100000, NULL, 6, '2025-01-09', '2025-01-09'),
(171, 'Chocolatos Seduh', 'Minuman', 'CS-1838-SWT', NULL, 5000, NULL, 6, '2025-01-09', '2025-01-09'),
(172, 'Kopi Non Seduh', 'Minuman', 'KNS-6019-SWT', NULL, 2000, NULL, 6, '2025-01-10', '2025-01-10'),
(173, 'Menyan 8k', 'Tembakau', 'M8-8728-SWT', NULL, 8000, NULL, 6, '2025-01-10', '2025-01-10'),
(174, 'Cup', 'Minuman', 'C-1200-SWT', NULL, 2000, NULL, 6, '2025-01-11', '2025-01-12'),
(175, 'Dji Sam Soe Refill 16', 'Rokok', 'DSSR1-3884-SWT', 25000, 26000, 4, 6, '2025-01-13', '2025-01-13'),
(176, 'Garet Burung Besar', 'Tembakau', 'GBB-9461-SWT', 0, 1500, 110, 6, '2025-01-14', '2025-01-14');

-- --------------------------------------------------------

--
-- Struktur dari tabel `pengeluaran`
--

CREATE TABLE `pengeluaran` (
  `id` int NOT NULL,
  `nominal` int NOT NULL,
  `keterangan` text NOT NULL,
  `tanggal` date NOT NULL
) ENGINE=InnoDB DEFAULT CHARSET=utf8mb4 COLLATE=utf8mb4_0900_ai_ci;

--
-- Dumping data untuk tabel `pengeluaran`
--

INSERT INTO `pengeluaran` (`id`, `nominal`, `keterangan`, `tanggal`) VALUES
(1, 250000, 'Dp Pak Kandar', '2025-01-05'),
(2, 5000, 'Pengemis', '2025-01-06'),
(3, 49500, 'Paket', '2025-01-06'),
(5, 123500, 'Paket', '2025-01-07'),
(6, 10000, 'Lakban', '2025-01-07'),
(7, 5000, 'Plastik', '2025-01-07'),
(8, 80000, 'Setor Apip', '2025-01-07'),
(9, 29000, 'Plastik', '2025-01-08'),
(10, 70000, 'Setor Nur', '2025-01-11'),
(11, 2000, 'Solasi Kecil', '2025-01-12'),
(12, 1000, 'Pengemis', '2025-01-14'),
(13, 30000, 'Kopi Tentrem ', '2025-01-15'),
(14, 75000, 'Setor Makin', '2025-01-20'),
(15, 210000, 'Setor Thoyib', '2025-01-20');

-- --------------------------------------------------------

--
-- Struktur dari tabel `penitip`
--

CREATE TABLE `penitip` (
  `id` int NOT NULL,
  `nama` varchar(255) NOT NULL,
  `kode` varchar(10) NOT NULL,
  `nomor` varchar(15) CHARACTER SET utf8mb4 COLLATE utf8mb4_0900_ai_ci DEFAULT NULL,
  `created_at` date NOT NULL,
  `updated_at` date NOT NULL
) ENGINE=InnoDB DEFAULT CHARSET=utf8mb4 COLLATE=utf8mb4_0900_ai_ci;

--
-- Dumping data untuk tabel `penitip`
--

INSERT INTO `penitip` (`id`, `nama`, `kode`, `nomor`, `created_at`, `updated_at`) VALUES
(1, 'Ipin', 'IPN', NULL, '2025-01-03', '2025-01-03'),
(2, 'Anto', 'ANT', NULL, '2025-01-03', '2025-01-03'),
(3, 'Nur', 'NUR', NULL, '2025-01-03', '2025-01-03'),
(4, 'Aan', 'AAN', NULL, '2025-01-03', '2025-01-03'),
(5, 'Fauzi', 'FZI', NULL, '2025-01-03', '2025-01-03'),
(6, 'Swating', 'SWT', NULL, '2025-01-03', '2025-01-03'),
(7, 'Thoyib', 'TYB', NULL, '2025-01-04', '2025-01-04'),
(8, 'Epan', 'EPN', NULL, '2025-01-04', '2025-01-04'),
(9, 'Apip', 'API', NULL, '2025-01-04', '2025-01-04'),
(10, 'Kandar', 'KND', NULL, '2025-01-05', '2025-01-05'),
(11, 'Makin', 'MKN', NULL, '2025-01-05', '2025-01-05'),
(12, 'Sodik', 'SDK', NULL, '2025-01-06', '2025-01-06'),
(13, 'Zainur Rohmat', 'MAT', NULL, '2025-01-07', '2025-01-07'),
(14, 'Dedi', 'DDI', NULL, '2025-01-09', '2025-01-09');

-- --------------------------------------------------------

--
-- Struktur dari tabel `penjualan`
--

CREATE TABLE `penjualan` (
  `id` int NOT NULL,
  `barangId` int NOT NULL,
  `jumlahTerjual` int NOT NULL,
  `totalHarga` int NOT NULL,
  `totalSetor` int DEFAULT NULL,
  `tanggal` date NOT NULL
) ENGINE=InnoDB DEFAULT CHARSET=utf8mb4 COLLATE=utf8mb4_0900_ai_ci;

--
-- Dumping data untuk tabel `penjualan`
--

INSERT INTO `penjualan` (`id`, `barangId`, `jumlahTerjual`, `totalHarga`, `totalSetor`, `tanggal`) VALUES
(1, 32, 1, '2025-01-04'),
(2, 39, 1, '2025-01-04'),
(3, 83, 1, '2025-01-04'),
(4, 83, 1, '2025-01-04'),
(5, 70, 2, '2025-01-04'),
(7, 13, 1, '2025-01-04'),
(8, 29, 1, '2025-01-04'),
(9, 79, 1, '2025-01-04'),
(10, 91, 1, '2025-01-04'),
(12, 92, 1, '2025-01-04'),
(13, 77, 1, '2025-01-04'),
(14, 86, 1, '2025-01-04'),
(15, 81, 1, '2025-01-05'),
(17, 26, 1, '2025-01-05'),
(18, 57, 1, '2025-01-05'),
(19, 13, 2, '2025-01-05'),
(20, 65, 1, '2025-01-05'),
(21, 122, 1, '2025-01-05'),
(22, 122, 1, '2025-01-05'),
(23, 122, 4, '2025-01-05'),
(24, 124, 2, '2025-01-05'),
(25, 114, 2, '2025-01-05'),
(26, 121, 1, '2025-01-05'),
(27, 90, 1, '2025-01-05'),
(28, 126, 1, '2025-01-05'),
(29, 39, 1, '2025-01-05'),
(30, 110, 1, '2025-01-05'),
(31, 7, 4, '2025-01-05'),
(32, 8, 3, '2025-01-05'),
(33, 34, 1, '2025-01-05'),
(34, 84, 1, '2025-01-05'),
(35, 102, 1, '2025-01-05'),
(36, 127, 1, '2025-01-05'),
(37, 128, 1, '2025-01-05'),
(38, 129, 1, '2025-01-05'),
(39, 130, 2, '2025-01-05'),
(40, 131, 2, '2025-01-05'),
(42, 132, 1, '2025-01-05'),
(44, 135, 1, '2025-01-05'),
(45, 134, 1, '2025-01-05'),
(46, 136, 2, '2025-01-05'),
(48, 137, 1, '2025-01-05'),
(49, 86, 1, '2025-01-05'),
(50, 39, 1, '2025-01-05'),
(51, 127, 1, '2025-01-05'),
(52, 87, 1, '2025-01-06'),
(53, 77, 1, '2025-01-06'),
(54, 110, 2, '2025-01-06'),
(55, 110, 1, '2025-01-06'),
(56, 124, 2, '2025-01-06'),
(57, 142, 1, '2025-01-06'),
(58, 8, 1, '2025-01-06'),
(59, 7, 1, '2025-01-06'),
(61, 90, 1, '2025-01-06'),
(62, 23, 1, '2025-01-06'),
(63, 113, 1, '2025-01-06'),
(64, 41, 2, '2025-01-06'),
(65, 131, 4, '2025-01-06'),
(67, 23, 1, '2025-01-06'),
(68, 114, 1, '2025-01-06'),
(70, 87, 1, '2025-01-07'),
(71, 83, 1, '2025-01-07'),
(72, 39, 1, '2025-01-07'),
(73, 37, 1, '2025-01-07'),
(74, 52, 1, '2025-01-07'),
(75, 36, 2, '2025-01-07'),
(76, 53, 1, '2025-01-07'),
(77, 55, 1, '2025-01-07'),
(78, 19, 1, '2025-01-07'),
(79, 141, 1, '2025-01-07'),
(80, 132, 1, '2025-01-07'),
(81, 72, 1, '2025-01-07'),
(82, 31, 1, '2025-01-07'),
(83, 29, 1, '2025-01-07'),
(84, 39, 1, '2025-01-07'),
(85, 39, 2, '2025-01-07'),
(86, 77, 1, '2025-01-07'),
(87, 122, 1, '2025-01-07'),
(88, 132, 2, '2025-01-07'),
(89, 78, 1, '2025-01-07'),
(90, 55, 1, '2025-01-07'),
(91, 134, 1, '2025-01-07'),
(92, 69, 1, '2025-01-07'),
(93, 7, 1, '2025-01-07'),
(94, 63, 1, '2025-01-07'),
(95, 69, 1, '2025-01-07'),
(96, 7, 1, '2025-01-07'),
(97, 124, 1, '2025-01-07'),
(98, 139, 1, '2025-01-07'),
(99, 132, 2, '2025-01-07'),
(100, 84, 1, '2025-01-07'),
(101, 110, 1, '2025-01-07'),
(102, 138, 1, '2025-01-07'),
(103, 132, 1, '2025-01-07'),
(104, 138, 2, '2025-01-07'),
(105, 131, 2, '2025-01-07'),
(106, 151, 1, '2025-01-07'),
(107, 152, 1, '2025-01-07'),
(108, 128, 1, '2025-01-07'),
(109, 154, 1, '2025-01-07'),
(110, 155, 1, '2025-01-07'),
(111, 22, 1, '2025-01-07'),
(112, 124, 1, '2025-01-08'),
(113, 138, 1, '2025-01-08'),
(114, 87, 1, '2025-01-08'),
(115, 138, 1, '2025-01-08'),
(116, 124, 1, '2025-01-08'),
(117, 133, 1, '2025-01-08'),
(118, 138, 1, '2025-01-08'),
(119, 123, 3, '2025-01-08'),
(120, 156, 1, '2025-01-08'),
(121, 9, 4, '2025-01-08'),
(122, 10, 4, '2025-01-08'),
(123, 12, 3, '2025-01-08'),
(124, 11, 2, '2025-01-08'),
(125, 123, 8, '2025-01-08'),
(126, 59, 3, '2025-01-08'),
(127, 161, 3, '2025-01-08'),
(128, 162, 4, '2025-01-08'),
(129, 47, 4, '2025-01-08'),
(130, 48, 4, '2025-01-08'),
(131, 46, 4, '2025-01-08'),
(132, 163, 3, '2025-01-08'),
(133, 57, 2, '2025-01-08'),
(134, 58, 1, '2025-01-08'),
(135, 9, 1, '2025-01-08'),
(136, 54, 1, '2025-01-08'),
(137, 58, 1, '2025-01-08'),
(138, 54, 1, '2025-01-08'),
(139, 164, 1, '2025-01-08'),
(140, 49, 3, '2025-01-08'),
(141, 165, 2, '2025-01-08'),
(142, 165, 1, '2025-01-08'),
(143, 55, 1, '2025-01-08'),
(144, 124, 2, '2025-01-08'),
(145, 138, 2, '2025-01-08'),
(146, 166, 1, '2025-01-08'),
(147, 110, 3, '2025-01-08'),
(148, 140, 1, '2025-01-08'),
(149, 124, 1, '2025-01-08'),
(150, 124, 1, '2025-01-08'),
(151, 132, 1, '2025-01-08'),
(152, 138, 5, '2025-01-08'),
(153, 139, 4, '2025-01-08'),
(154, 167, 1, '2025-01-08'),
(155, 126, 1, '2025-01-09'),
(156, 75, 1, '2025-01-09'),
(157, 87, 1, '2025-01-09'),
(158, 84, 1, '2025-01-09'),
(164, 136, 6, '2025-01-04'),
(165, 133, 1, '2025-01-04'),
(166, 130, 2, '2025-01-04'),
(167, 131, 2, '2025-01-04'),
(168, 138, 8, '2025-01-04'),
(169, 171, 1, '2025-01-04'),
(170, 122, 1, '2025-01-04'),
(171, 144, 1, '2025-01-05'),
(172, 166, 5, '2025-01-05'),
(173, 141, 3, '2025-01-05'),
(174, 132, 1, '2025-01-09'),
(175, 1, 1, '2025-01-09'),
(177, 124, 1, '2025-01-09'),
(178, 131, 1, '2025-01-10'),
(179, 84, 1, '2025-01-10'),
(180, 138, 1, '2025-01-10'),
(181, 8, 1, '2025-01-10'),
(182, 8, 2, '2025-01-10'),
(183, 77, 1, '2025-01-10'),
(184, 139, 40, '2025-01-10'),
(185, 90, 2, '2025-01-10'),
(186, 172, 1, '2025-01-10'),
(187, 154, 1, '2025-01-10'),
(188, 41, 1, '2025-01-10'),
(189, 21, 1, '2025-01-10'),
(190, 32, 1, '2025-01-10'),
(191, 132, 1, '2025-01-10'),
(192, 113, 1, '2025-01-10'),
(193, 172, 1, '2025-01-10'),
(194, 141, 1, '2025-01-10'),
(195, 122, 1, '2025-01-10'),
(196, 138, 2, '2025-01-10'),
(197, 173, 1, '2025-01-10'),
(198, 65, 2, '2025-01-11'),
(199, 84, 1, '2025-01-11'),
(200, 136, 1, '2025-01-11'),
(201, 174, 2, '2025-01-11'),
(203, 124, 1, '2025-01-11'),
(204, 140, 1, '2025-01-11'),
(205, 33, 1, '2025-01-11'),
(206, 122, 1, '2025-01-11'),
(207, 77, 1, '2025-01-11'),
(208, 98, 1, '2025-01-11'),
(209, 8, 1, '2025-01-11'),
(210, 141, 1, '2025-01-11'),
(211, 110, 7, '2025-01-11'),
(212, 124, 4, '2025-01-11'),
(213, 135, 2, '2025-01-11'),
(214, 132, 1, '2025-01-11'),
(215, 95, 1, '2025-01-11'),
(216, 103, 1, '2025-01-11'),
(217, 132, 1, '2025-01-11'),
(218, 101, 1, '2025-01-11'),
(219, 20, 2, '2025-01-12'),
(220, 174, 2, '2025-01-12'),
(221, 174, 2, '2025-01-12'),
(222, 122, 1, '2025-01-12'),
(223, 71, 2, '2025-01-12'),
(224, 29, 1, '2025-01-12'),
(225, 8, 1, '2025-01-12'),
(226, 142, 1, '2025-01-12'),
(227, 91, 3, '2025-01-12'),
(228, 98, 1, '2025-01-12'),
(229, 77, 1, '2025-01-13'),
(230, 124, 1, '2025-01-13'),
(231, 77, 1, '2025-01-13'),
(232, 30, 1, '2025-01-13'),
(233, 131, 1, '2025-01-13'),
(234, 138, 9, '2025-01-13'),
(235, 55, 1, '2025-01-13'),
(236, 37, 1, '2025-01-13'),
(237, 77, 1, '2025-01-13'),
(238, 175, 1, '2025-01-13'),
(239, 84, 1, '2025-01-13'),
(240, 152, 1, '2025-01-13'),
(241, 131, 1, '2025-01-13'),
(244, 83, 1, '2025-01-14'),
(245, 77, 1, '2025-01-14'),
(246, 77, 1, '2025-01-14'),
(247, 134, 1, '2025-01-14'),
(248, 84, 1, '2025-01-14'),
(249, 89, 1, '2025-01-14'),
(250, 87, 1, '2025-01-14'),
(251, 81, 1, '2025-01-14'),
(252, 13, 1, '2025-01-15'),
(253, 84, 1, '2025-01-15'),
(254, 90, 1, '2025-01-15'),
(255, 87, 1, '2025-01-15'),
(256, 77, 1, '2025-01-15'),
(257, 124, 1, '2025-01-15'),
(258, 131, 1, '2025-01-15'),
(259, 87, 1, '2025-01-16'),
(260, 124, 1, '2025-01-16'),
(261, 139, 2, '2025-01-16'),
(262, 122, 1, '2025-01-16'),
(263, 131, 1, '2025-01-16'),
(264, 135, 1, '2025-01-16'),
(265, 87, 2, '2025-01-16'),
(266, 140, 1, '2025-01-16'),
(267, 122, 2, '2025-01-16'),
(268, 124, 1, '2025-01-16'),
(269, 140, 1, '2025-01-16'),
(270, 132, 1, '2025-01-16'),
(271, 135, 1, '2025-01-16'),
(272, 124, 1, '2025-01-16'),
(273, 140, 1, '2025-01-16'),
(274, 132, 1, '2025-01-16'),
(275, 135, 1, '2025-01-16'),
(276, 83, 1, '2025-01-16'),
(277, 31, 1, '2025-01-16'),
(278, 18, 1, '2025-01-16'),
(279, 87, 1, '2025-01-16'),
(280, 124, 1, '2025-01-17'),
(281, 138, 6, '2025-01-17'),
(282, 87, 2, '2025-01-17'),
(283, 32, 1, '2025-01-17'),
(284, 37, 1, '2025-01-17'),
(285, 61, 1, '2025-01-17'),
(286, 83, 2, '2025-01-17'),
(287, 132, 2, '2025-01-17'),
(288, 139, 2, '2025-01-17'),
(289, 33, 1, '2025-01-17'),
(290, 35, 1, '2025-01-17'),
(291, 88, 1, '2025-01-17'),
(292, 137, 1, '2025-01-17'),
(293, 5, 1, '2025-01-17'),
(294, 84, 2, '2025-01-17'),
(295, 78, 1, '2025-01-17'),
(296, 76, 1, '2025-01-17'),
(297, 73, 1, '2025-01-17'),
(298, 55, 1, '2025-01-17');

--
-- Indexes for dumped tables
--

--
-- Indeks untuk tabel `barang`
--
ALTER TABLE `barang`
  ADD PRIMARY KEY (`id`);

--
-- Indeks untuk tabel `pengeluaran`
--
ALTER TABLE `pengeluaran`
  ADD PRIMARY KEY (`id`);

--
-- Indeks untuk tabel `penitip`
--
ALTER TABLE `penitip`
  ADD PRIMARY KEY (`id`),
  ADD UNIQUE KEY `kode` (`kode`);

--
-- Indeks untuk tabel `penjualan`
--
ALTER TABLE `penjualan`
  ADD PRIMARY KEY (`id`);

--
-- AUTO_INCREMENT untuk tabel yang dibuang
--

--
-- AUTO_INCREMENT untuk tabel `barang`
--
ALTER TABLE `barang`
  MODIFY `id` int NOT NULL AUTO_INCREMENT, AUTO_INCREMENT=177;

--
-- AUTO_INCREMENT untuk tabel `pengeluaran`
--
ALTER TABLE `pengeluaran`
  MODIFY `id` int NOT NULL AUTO_INCREMENT, AUTO_INCREMENT=16;

--
-- AUTO_INCREMENT untuk tabel `penitip`
--
ALTER TABLE `penitip`
  MODIFY `id` int NOT NULL AUTO_INCREMENT, AUTO_INCREMENT=15;

--
-- AUTO_INCREMENT untuk tabel `penjualan`
--
ALTER TABLE `penjualan`
  MODIFY `id` int NOT NULL AUTO_INCREMENT, AUTO_INCREMENT=299;
COMMIT;

/*!40101 SET CHARACTER_SET_CLIENT=@OLD_CHARACTER_SET_CLIENT */;
/*!40101 SET CHARACTER_SET_RESULTS=@OLD_CHARACTER_SET_RESULTS */;
/*!40101 SET COLLATION_CONNECTION=@OLD_COLLATION_CONNECTION */;
